               epoch,      train/box_loss,      train/obj_loss,      train/cls_loss,   metrics/precision,      metrics/recall,     metrics/mAP_0.5,metrics/mAP_0.5:0.95,        val/box_loss,        val/obj_loss,        val/cls_loss,               x/lr0,               x/lr1,               x/lr2
                   0,            0.074075,            0.020349,            0.037533,             0.40742,             0.70106,             0.46461,             0.21508,            0.041609,            0.013488,            0.024594,            0.083553,           0.0025909,           0.0025909
                   1,            0.045439,            0.014368,            0.019587,             0.58017,             0.75612,             0.73185,             0.43065,            0.034575,            0.012215,             0.01852,            0.044884,           0.0051682,           0.0051682
                   2,            0.033913,            0.013018,           0.0053572,             0.73561,             0.78014,             0.81664,             0.52104,            0.029736,            0.011668,            0.010955,           0.0076294,           0.0076294,           0.0076294
                   3,            0.026489,            0.011877,           0.0030187,             0.82002,             0.85744,             0.91523,             0.70088,            0.020793,           0.0091474,           0.0038608,           0.0076294,           0.0076294,           0.0076294
                   4,            0.022222,             0.01073,           0.0019607,             0.85126,             0.87526,             0.93038,             0.73892,            0.017632,           0.0089373,           0.0018664,           0.0075991,           0.0075991,           0.0075991
                   5,            0.020434,            0.010184,           0.0017057,              0.8397,              0.8684,             0.92673,             0.74762,            0.017807,           0.0085171,           0.0027132,           0.0075688,           0.0075688,           0.0075688
                   6,            0.019491,           0.0099362,           0.0015731,             0.86455,             0.87825,             0.94198,              0.7702,            0.017457,           0.0076517,           0.0023726,           0.0075385,           0.0075385,           0.0075385
                   7,            0.018706,           0.0096853,           0.0014222,             0.86827,             0.89466,             0.94792,             0.80069,            0.015212,           0.0078265,           0.0011826,           0.0075081,           0.0075081,           0.0075081
                   8,            0.018459,           0.0096149,            0.001407,             0.86595,             0.89769,             0.94948,             0.79929,            0.015128,           0.0075109,           0.0012067,           0.0074778,           0.0074778,           0.0074778
                   9,             0.01802,           0.0094094,            0.001382,             0.85025,             0.88346,             0.93978,             0.78156,             0.01561,           0.0071745,           0.0043786,           0.0074475,           0.0074475,           0.0074475
                  10,            0.017603,           0.0093461,           0.0013186,              0.8677,             0.89688,             0.94899,             0.81445,            0.014146,           0.0076689,          0.00091602,           0.0074172,           0.0074172,           0.0074172
                  11,            0.017418,           0.0092261,           0.0013012,             0.88865,             0.90417,             0.95824,             0.82658,            0.013376,            0.006843,          0.00088207,           0.0073869,           0.0073869,           0.0073869
                  12,            0.017244,           0.0091679,           0.0012497,             0.87772,             0.91526,             0.95668,             0.81604,            0.014386,           0.0071227,          0.00084805,           0.0073566,           0.0073566,           0.0073566
                  13,            0.017155,           0.0091205,           0.0012745,             0.90175,              0.9087,             0.96444,             0.84516,            0.012741,           0.0066545,            0.001063,           0.0073263,           0.0073263,           0.0073263
                  14,            0.016639,           0.0090234,           0.0012743,             0.89375,             0.90134,             0.96122,             0.84025,            0.012949,           0.0068426,           0.0010561,            0.007296,            0.007296,            0.007296
                  15,            0.016769,           0.0090324,           0.0012429,             0.90037,             0.93253,             0.97025,             0.86884,            0.011044,           0.0059648,          0.00057298,           0.0072657,           0.0072657,           0.0072657
                  16,            0.016452,           0.0088932,           0.0012201,             0.90468,             0.92611,             0.96955,              0.8763,             0.01069,           0.0061089,          0.00050375,           0.0072354,           0.0072354,           0.0072354
                  17,            0.016365,           0.0088625,           0.0012238,             0.90227,             0.92634,             0.97033,             0.87652,            0.010789,           0.0060479,            0.000597,            0.007205,            0.007205,            0.007205
                  18,            0.016156,           0.0087935,           0.0011829,             0.90501,             0.93386,             0.97274,             0.87307,            0.011272,           0.0058876,          0.00045706,           0.0071747,           0.0071747,           0.0071747
                  19,            0.016158,           0.0088507,           0.0011941,              0.9182,             0.93255,             0.97666,             0.89422,           0.0096887,           0.0055166,          0.00044826,           0.0071444,           0.0071444,           0.0071444
                  20,            0.015891,           0.0087571,           0.0011396,             0.91638,             0.93524,              0.9752,             0.90105,           0.0094011,           0.0055859,          0.00045113,           0.0071141,           0.0071141,           0.0071141
                  21,            0.015909,           0.0086803,           0.0012046,             0.92498,             0.93552,             0.97783,             0.90863,           0.0090933,           0.0052528,          0.00040189,           0.0070838,           0.0070838,           0.0070838
                  22,            0.015757,           0.0086839,           0.0011627,             0.92365,             0.93748,             0.97818,             0.91326,           0.0087919,           0.0052803,           0.0003904,           0.0070535,           0.0070535,           0.0070535
                  23,            0.015767,           0.0086833,           0.0011554,             0.91312,             0.94502,             0.97562,             0.90735,            0.008871,           0.0054788,          0.00039559,           0.0070232,           0.0070232,           0.0070232
                  24,            0.015555,           0.0085069,           0.0011048,             0.91559,             0.94766,             0.97683,             0.91414,           0.0086594,           0.0053626,           0.0003909,           0.0069929,           0.0069929,           0.0069929
                  25,            0.015478,           0.0085256,           0.0011533,              0.9205,              0.9381,             0.97754,             0.92218,           0.0082305,           0.0051691,          0.00037778,           0.0069626,           0.0069626,           0.0069626
                  26,            0.015376,           0.0085083,           0.0011196,             0.92414,             0.94154,             0.97805,             0.92263,           0.0081985,           0.0051694,          0.00035968,           0.0069323,           0.0069323,           0.0069323
                  27,             0.01522,            0.008429,            0.001129,             0.92361,             0.94392,              0.9788,             0.92631,           0.0080439,            0.005099,           0.0003396,           0.0069019,           0.0069019,           0.0069019
                  28,            0.015248,           0.0084767,           0.0011363,             0.92671,             0.94302,             0.97933,             0.93003,           0.0078236,           0.0050492,          0.00035823,           0.0068716,           0.0068716,           0.0068716
                  29,            0.015166,           0.0084387,           0.0010716,             0.91837,             0.94885,             0.97861,             0.92717,           0.0079753,           0.0051216,          0.00035218,           0.0068413,           0.0068413,           0.0068413
                  30,            0.015095,           0.0084643,           0.0011187,             0.92833,             0.94335,             0.97947,             0.92957,           0.0078375,           0.0050507,          0.00034437,            0.006811,            0.006811,            0.006811
                  31,            0.015064,           0.0083518,           0.0010483,             0.93039,             0.94363,             0.97975,             0.93047,           0.0077342,           0.0049529,          0.00034701,           0.0067807,           0.0067807,           0.0067807
                  32,             0.01484,           0.0082967,           0.0011042,             0.92959,             0.94452,             0.97955,              0.9322,           0.0076649,           0.0050474,           0.0003483,           0.0067504,           0.0067504,           0.0067504
                  33,            0.014973,           0.0083252,           0.0010747,             0.92868,             0.94611,             0.97956,             0.93251,           0.0076393,           0.0049958,          0.00034097,           0.0067201,           0.0067201,           0.0067201
                  34,            0.014819,           0.0083201,           0.0010701,             0.93098,             0.94286,             0.97968,             0.93229,           0.0076695,           0.0049653,          0.00033626,           0.0066898,           0.0066898,           0.0066898
                  35,             0.01483,           0.0082789,           0.0010857,             0.92832,             0.94353,             0.97934,             0.93367,           0.0075317,            0.005012,           0.0003285,           0.0066595,           0.0066595,           0.0066595
                  36,            0.014619,           0.0082083,           0.0010395,             0.92617,             0.94652,             0.97898,             0.93373,           0.0075222,           0.0050255,          0.00033076,           0.0066292,           0.0066292,           0.0066292
                  37,            0.014712,           0.0082366,           0.0010272,             0.92931,             0.94521,             0.97927,             0.93343,            0.007517,           0.0050023,          0.00033331,           0.0065989,           0.0065989,           0.0065989
                  38,            0.014629,           0.0082039,           0.0010244,              0.9308,             0.94496,             0.97963,             0.93495,           0.0074251,           0.0049881,          0.00033985,           0.0065685,           0.0065685,           0.0065685
                  39,            0.014435,           0.0081634,          0.00099524,             0.93327,             0.94211,             0.97983,             0.93493,           0.0074352,           0.0049828,          0.00033922,           0.0065382,           0.0065382,           0.0065382
                  40,            0.014492,           0.0081447,           0.0010463,             0.93056,             0.94565,             0.98018,              0.9363,           0.0073737,           0.0049461,          0.00033796,           0.0065079,           0.0065079,           0.0065079
                  41,             0.01445,           0.0081721,           0.0010821,             0.93063,             0.94513,             0.98031,             0.93643,           0.0073815,           0.0049324,          0.00033269,           0.0064776,           0.0064776,           0.0064776
                  42,             0.01437,           0.0081337,           0.0010362,              0.9324,             0.94502,             0.98037,             0.93596,            0.007418,           0.0049226,          0.00032951,           0.0064473,           0.0064473,           0.0064473
                  43,            0.014281,           0.0080917,           0.0010355,             0.93222,             0.94552,             0.98042,              0.9362,           0.0074087,           0.0049094,          0.00033012,            0.006417,            0.006417,            0.006417
                  44,            0.014083,           0.0080092,          0.00094616,             0.93263,              0.9452,             0.98035,             0.93634,           0.0073961,           0.0049104,          0.00033076,           0.0063867,           0.0063867,           0.0063867
                  45,            0.014261,           0.0080822,           0.0010271,             0.93119,             0.94609,             0.98031,             0.93582,           0.0074195,           0.0049299,          0.00032947,           0.0063564,           0.0063564,           0.0063564
                  46,             0.01417,           0.0080276,           0.0010102,             0.93139,             0.94705,             0.98028,             0.93593,           0.0074252,            0.004932,          0.00032871,           0.0063261,           0.0063261,           0.0063261
                  47,            0.014223,           0.0080733,            0.001037,             0.93209,             0.94679,             0.98035,             0.93557,           0.0074326,           0.0049364,          0.00032758,           0.0062958,           0.0062958,           0.0062958
                  48,            0.013952,           0.0079708,          0.00096576,             0.92993,             0.94774,             0.98042,             0.93589,           0.0074254,            0.004914,          0.00032788,           0.0062654,           0.0062654,           0.0062654
                  49,            0.013872,           0.0079681,          0.00097894,             0.92944,             0.94874,             0.98046,             0.93635,           0.0074009,           0.0049121,          0.00032732,           0.0062351,           0.0062351,           0.0062351
                  50,             0.01411,           0.0080675,           0.0010049,             0.93111,             0.94825,             0.98055,             0.93649,           0.0073892,           0.0049064,          0.00032787,           0.0062048,           0.0062048,           0.0062048
                  51,            0.014114,           0.0079681,           0.0010056,             0.93113,             0.94826,             0.98057,             0.93638,           0.0073814,           0.0049082,          0.00032805,           0.0061745,           0.0061745,           0.0061745
                  52,            0.013876,           0.0079536,          0.00094098,             0.93158,             0.94777,             0.98057,             0.93627,           0.0073834,           0.0049136,          0.00032793,           0.0061442,           0.0061442,           0.0061442
                  53,            0.013871,            0.007943,          0.00098969,             0.93131,             0.94847,              0.9806,             0.93664,           0.0073737,           0.0049165,          0.00032819,           0.0061139,           0.0061139,           0.0061139
                  54,            0.013878,           0.0079217,          0.00094284,             0.93055,             0.94933,             0.98063,             0.93731,           0.0073483,           0.0049181,          0.00032839,           0.0060836,           0.0060836,           0.0060836
                  55,            0.013953,           0.0079615,           0.0010544,             0.93074,             0.94935,             0.98066,              0.9373,            0.007348,           0.0049255,          0.00032805,           0.0060533,           0.0060533,           0.0060533
                  56,            0.013671,            0.007902,          0.00096103,             0.93085,             0.94903,              0.9807,             0.93718,           0.0073589,           0.0049213,          0.00032837,            0.006023,            0.006023,            0.006023
                  57,            0.013646,           0.0078284,          0.00094728,             0.93118,             0.94868,             0.98079,             0.93757,           0.0073465,           0.0049167,          0.00032763,           0.0059927,           0.0059927,           0.0059927
                  58,            0.013601,           0.0078256,          0.00092851,             0.93142,             0.94832,             0.98085,             0.93769,           0.0073384,           0.0049169,           0.0003269,           0.0059623,           0.0059623,           0.0059623
                  59,            0.013798,           0.0079244,          0.00098529,             0.93125,              0.9487,             0.98091,              0.9372,            0.007355,            0.004917,          0.00032679,            0.005932,            0.005932,            0.005932
                  60,            0.013501,           0.0077495,          0.00089833,             0.93079,             0.94899,             0.98099,             0.93728,           0.0073633,           0.0049094,          0.00032687,           0.0059017,           0.0059017,           0.0059017
                  61,            0.013564,           0.0077776,          0.00092124,             0.93148,             0.94909,             0.98107,             0.93754,            0.007361,           0.0049005,          0.00032732,           0.0058714,           0.0058714,           0.0058714
                  62,            0.013516,           0.0078271,          0.00095082,             0.93187,             0.94929,             0.98113,             0.93732,           0.0073721,           0.0049013,          0.00032731,           0.0058411,           0.0058411,           0.0058411
                  63,            0.013533,            0.007845,          0.00091993,             0.93133,             0.94974,             0.98114,             0.93724,           0.0073759,           0.0049031,          0.00032699,           0.0058108,           0.0058108,           0.0058108
                  64,            0.013319,           0.0077263,          0.00086547,             0.93185,              0.9491,              0.9812,             0.93699,           0.0073836,           0.0049044,          0.00032672,           0.0057805,           0.0057805,           0.0057805
                  65,            0.013363,           0.0077889,          0.00094894,             0.93169,             0.94942,             0.98127,             0.93706,            0.007383,            0.004898,          0.00032656,           0.0057502,           0.0057502,           0.0057502
                  66,            0.013446,           0.0077942,          0.00090667,             0.93142,             0.94961,             0.98132,             0.93704,           0.0073991,           0.0049015,          0.00032683,           0.0057199,           0.0057199,           0.0057199
                  67,            0.013526,           0.0078154,          0.00094401,             0.93078,             0.95025,             0.98136,             0.93698,           0.0074135,           0.0048985,          0.00032671,           0.0056896,           0.0056896,           0.0056896
                  68,            0.013259,           0.0077161,          0.00087262,             0.93111,             0.94992,             0.98142,             0.93718,           0.0074086,           0.0048965,          0.00032709,           0.0056593,           0.0056593,           0.0056593
                  69,             0.01312,           0.0077058,          0.00087762,             0.93127,             0.95027,             0.98149,             0.93718,           0.0074324,           0.0048942,           0.0003269,           0.0056289,           0.0056289,           0.0056289
                  70,            0.013229,           0.0076741,          0.00091382,             0.93211,             0.94975,             0.98153,             0.93684,           0.0074527,           0.0048894,          0.00032722,           0.0055986,           0.0055986,           0.0055986
                  71,            0.013323,           0.0076708,          0.00092065,             0.93195,             0.95038,             0.98155,             0.93661,           0.0074598,            0.004891,          0.00032688,           0.0055683,           0.0055683,           0.0055683
                  72,            0.013382,           0.0077798,          0.00092366,             0.93201,             0.94972,             0.98156,             0.93599,           0.0074773,           0.0048942,          0.00032678,            0.005538,            0.005538,            0.005538
                  73,            0.013047,           0.0076334,          0.00085921,             0.93252,             0.94957,              0.9816,             0.93587,           0.0074858,           0.0048949,          0.00032682,           0.0055077,           0.0055077,           0.0055077
                  74,            0.013122,            0.007687,          0.00091419,             0.93186,              0.9506,             0.98167,             0.93594,           0.0074914,           0.0048946,          0.00032673,           0.0054774,           0.0054774,           0.0054774
                  75,            0.013173,           0.0077008,          0.00090593,             0.93245,             0.95064,              0.9817,             0.93603,           0.0074939,           0.0048864,          0.00032651,           0.0054471,           0.0054471,           0.0054471
                  76,            0.012991,           0.0076156,          0.00086094,             0.93137,             0.95194,             0.98173,             0.93606,           0.0074978,           0.0048853,          0.00032655,           0.0054168,           0.0054168,           0.0054168
                  77,            0.013032,           0.0075907,          0.00089316,             0.93169,             0.95119,             0.98184,             0.93634,           0.0074901,           0.0048782,          0.00032644,           0.0053865,           0.0053865,           0.0053865
                  78,            0.012987,           0.0076215,          0.00088193,             0.93193,             0.95143,             0.98186,             0.93608,            0.007502,           0.0048736,          0.00032626,           0.0053562,           0.0053562,           0.0053562
                  79,            0.013045,           0.0076256,          0.00087427,             0.93263,             0.95072,             0.98191,             0.93596,           0.0075088,           0.0048671,          0.00032649,           0.0053258,           0.0053258,           0.0053258
                  80,            0.012889,           0.0075513,          0.00088321,             0.93286,             0.95049,             0.98192,             0.93574,            0.007517,           0.0048652,          0.00032622,           0.0052955,           0.0052955,           0.0052955
                  81,            0.012899,           0.0075524,          0.00085565,             0.93286,             0.95051,             0.98193,              0.9358,           0.0075168,           0.0048667,          0.00032629,           0.0052652,           0.0052652,           0.0052652
                  82,            0.012953,           0.0076328,          0.00093172,              0.9321,             0.95132,             0.98199,             0.93571,           0.0075178,           0.0048611,          0.00032568,           0.0052349,           0.0052349,           0.0052349
                  83,            0.012722,           0.0074973,          0.00079745,             0.93239,             0.95098,             0.98202,             0.93552,           0.0075191,           0.0048618,          0.00032612,           0.0052046,           0.0052046,           0.0052046
                  84,            0.012798,           0.0075617,          0.00085544,             0.93282,             0.95082,             0.98208,             0.93521,           0.0075232,           0.0048552,          0.00032584,           0.0051743,           0.0051743,           0.0051743
                  85,            0.012741,           0.0075486,           0.0008137,              0.9325,             0.95064,             0.98208,             0.93552,           0.0075156,           0.0048541,          0.00032611,            0.005144,            0.005144,            0.005144
                  86,            0.012868,           0.0075527,          0.00089185,             0.93311,             0.95038,             0.98217,              0.9353,           0.0075156,           0.0048426,          0.00032565,           0.0051137,           0.0051137,           0.0051137
                  87,            0.012629,           0.0074813,          0.00082812,             0.93349,             0.95065,             0.98218,             0.93528,           0.0075248,           0.0048356,           0.0003258,           0.0050834,           0.0050834,           0.0050834
                  88,            0.012703,           0.0075016,          0.00087075,              0.9341,             0.95012,             0.98219,              0.9351,           0.0075348,           0.0048297,            0.000325,           0.0050531,           0.0050531,           0.0050531
                  89,            0.012605,           0.0074371,          0.00084526,             0.93417,             0.94992,             0.98224,             0.93519,           0.0075415,           0.0048191,          0.00032427,           0.0050227,           0.0050227,           0.0050227
                  90,            0.012539,           0.0074478,           0.0008526,             0.93508,             0.94938,             0.98229,             0.93529,           0.0075326,           0.0048072,           0.0003236,           0.0049924,           0.0049924,           0.0049924
                  91,            0.012593,           0.0074431,          0.00081051,             0.93479,             0.95004,             0.98232,             0.93515,            0.007534,           0.0048027,          0.00032335,           0.0049621,           0.0049621,           0.0049621
                  92,            0.012738,           0.0074971,          0.00083087,             0.93588,              0.9495,              0.9823,             0.93522,           0.0075328,           0.0047978,          0.00032272,           0.0049318,           0.0049318,           0.0049318
                  93,            0.012514,           0.0074044,           0.0007533,             0.93612,               0.949,             0.98232,             0.93543,           0.0075312,           0.0047978,          0.00032173,           0.0049015,           0.0049015,           0.0049015
                  94,            0.012444,           0.0073908,          0.00081446,             0.93594,             0.94899,             0.98237,             0.93552,           0.0075266,           0.0047908,          0.00032085,           0.0048712,           0.0048712,           0.0048712
                  95,            0.012631,           0.0075206,          0.00086482,             0.93529,             0.94913,             0.98241,             0.93563,            0.007526,           0.0047848,          0.00031925,           0.0048409,           0.0048409,           0.0048409
                  96,             0.01264,           0.0075276,          0.00086716,             0.93335,             0.95228,             0.98238,             0.93553,           0.0075328,           0.0047866,          0.00031775,           0.0048106,           0.0048106,           0.0048106
                  97,            0.012342,           0.0074021,          0.00078173,             0.93274,             0.95285,             0.98245,             0.93553,           0.0075292,           0.0047804,          0.00031759,           0.0047803,           0.0047803,           0.0047803
                  98,            0.012259,           0.0073486,          0.00078134,             0.93293,             0.95298,             0.98248,             0.93552,           0.0075315,           0.0047829,          0.00031747,             0.00475,             0.00475,             0.00475
                  99,            0.012342,           0.0073389,          0.00079411,             0.93294,             0.95295,             0.98254,             0.93571,           0.0075183,           0.0047777,          0.00031672,           0.0047197,           0.0047197,           0.0047197
                 100,             0.01235,           0.0073844,          0.00082119,             0.93231,             0.95348,             0.98254,             0.93602,             0.00751,           0.0047775,          0.00031587,           0.0046893,           0.0046893,           0.0046893
                 101,            0.012402,           0.0073907,          0.00077952,             0.93173,             0.95426,             0.98255,             0.93656,           0.0074926,           0.0047773,          0.00031454,            0.004659,            0.004659,            0.004659
                 102,            0.012215,           0.0072827,          0.00078306,             0.93176,             0.95442,             0.98258,             0.93655,           0.0074863,           0.0047675,          0.00031376,           0.0046287,           0.0046287,           0.0046287
                 103,            0.012241,           0.0073182,          0.00078125,              0.9324,             0.95394,              0.9826,             0.93698,           0.0074784,           0.0047639,          0.00031296,           0.0045984,           0.0045984,           0.0045984
                 104,            0.012268,           0.0073164,          0.00080952,             0.93207,             0.95385,             0.98265,             0.93686,           0.0074694,           0.0047565,          0.00031192,           0.0045681,           0.0045681,           0.0045681
                 105,            0.012094,           0.0072813,          0.00073995,             0.93246,             0.95361,             0.98267,             0.93736,           0.0074651,           0.0047547,          0.00031077,           0.0045378,           0.0045378,           0.0045378
                 106,            0.012076,            0.007234,          0.00072601,             0.93111,             0.95499,              0.9827,             0.93742,           0.0074476,           0.0047462,          0.00030959,           0.0045075,           0.0045075,           0.0045075
                 107,             0.01209,           0.0072678,          0.00079663,             0.93087,             0.95503,             0.98272,             0.93787,           0.0074344,           0.0047451,          0.00030879,           0.0044772,           0.0044772,           0.0044772
                 108,            0.012123,           0.0073245,           0.0007668,             0.93082,             0.95584,             0.98276,             0.93786,           0.0074262,           0.0047347,           0.0003086,           0.0044469,           0.0044469,           0.0044469
                 109,            0.011979,           0.0072282,          0.00073603,             0.93147,             0.95567,             0.98283,             0.93853,           0.0073996,           0.0047224,          0.00030813,           0.0044166,           0.0044166,           0.0044166
                 110,            0.012014,           0.0072094,          0.00074309,             0.93235,             0.95501,             0.98289,             0.93868,           0.0073895,           0.0047118,           0.0003077,           0.0043862,           0.0043862,           0.0043862
                 111,            0.012016,            0.007212,          0.00071912,             0.93306,             0.95413,             0.98293,             0.93897,            0.007369,           0.0047064,          0.00030694,           0.0043559,           0.0043559,           0.0043559
                 112,            0.012061,           0.0072289,           0.0007316,             0.93283,             0.95438,             0.98292,             0.93905,           0.0073638,           0.0047032,          0.00030633,           0.0043256,           0.0043256,           0.0043256
                 113,            0.011966,           0.0072136,          0.00077786,             0.93304,              0.9543,             0.98295,             0.93929,           0.0073539,           0.0046992,          0.00030549,           0.0042953,           0.0042953,           0.0042953
                 114,            0.011864,           0.0072434,          0.00076551,              0.9335,             0.95403,             0.98295,             0.93951,            0.007342,           0.0046932,          0.00030415,            0.004265,            0.004265,            0.004265
                 115,            0.011962,           0.0072439,          0.00075849,             0.93297,             0.95453,             0.98295,             0.93967,           0.0073359,           0.0046909,          0.00030327,           0.0042347,           0.0042347,           0.0042347
                 116,            0.011847,           0.0071503,          0.00074568,             0.93328,             0.95453,             0.98301,             0.93993,           0.0073127,           0.0046828,          0.00030234,           0.0042044,           0.0042044,           0.0042044
                 117,            0.011895,            0.007202,          0.00074588,             0.93266,             0.95543,             0.98302,             0.94003,           0.0072979,           0.0046719,          0.00030097,           0.0041741,           0.0041741,           0.0041741
                 118,            0.011911,           0.0071872,          0.00074444,             0.93286,             0.95563,             0.98304,             0.94017,            0.007288,           0.0046666,          0.00029958,           0.0041438,           0.0041438,           0.0041438
                 119,            0.011795,           0.0071944,          0.00071565,             0.93303,             0.95589,             0.98307,             0.94062,           0.0072687,           0.0046562,           0.0002986,           0.0041135,           0.0041135,           0.0041135
                 120,            0.011729,           0.0071641,          0.00075136,              0.9339,             0.95509,             0.98314,             0.94082,           0.0072429,            0.004643,          0.00029779,           0.0040831,           0.0040831,           0.0040831
                 121,            0.011827,           0.0071321,           0.0007285,             0.93372,             0.95521,             0.98314,             0.94127,           0.0072322,           0.0046395,          0.00029635,           0.0040528,           0.0040528,           0.0040528
                 122,            0.011672,           0.0070838,          0.00072351,             0.93402,             0.95574,             0.98319,             0.94159,           0.0072167,            0.004629,          0.00029501,           0.0040225,           0.0040225,           0.0040225
                 123,            0.011553,           0.0071026,          0.00069259,             0.93465,             0.95403,             0.98319,             0.94174,           0.0072071,           0.0046263,          0.00029407,           0.0039922,           0.0039922,           0.0039922
                 124,            0.011667,           0.0071336,          0.00072225,             0.93517,             0.95455,             0.98319,             0.94185,           0.0071934,           0.0046174,          0.00029235,           0.0039619,           0.0039619,           0.0039619
                 125,            0.011525,           0.0070789,          0.00069063,             0.93501,             0.95491,             0.98322,             0.94253,           0.0071724,            0.004609,          0.00029091,           0.0039316,           0.0039316,           0.0039316
                 126,            0.011539,           0.0070605,          0.00070333,             0.93534,             0.95485,              0.9832,             0.94298,           0.0071458,           0.0046031,           0.0002899,           0.0039013,           0.0039013,           0.0039013
                 127,            0.011641,           0.0070824,          0.00070674,             0.93532,             0.95537,             0.98322,             0.94281,           0.0071322,           0.0045996,          0.00028857,            0.003871,            0.003871,            0.003871
                 128,            0.011682,           0.0071404,          0.00070126,             0.93494,             0.95577,             0.98326,             0.94336,           0.0071103,           0.0045852,          0.00028693,           0.0038407,           0.0038407,           0.0038407
                 129,            0.011352,            0.006959,           0.0006595,             0.93456,             0.95607,             0.98328,             0.94348,           0.0070802,           0.0045764,          0.00028563,           0.0038104,           0.0038104,           0.0038104
                 130,            0.011445,           0.0070365,          0.00071997,              0.9354,             0.95567,             0.98333,             0.94372,           0.0070673,           0.0045687,          0.00028396,           0.0037801,           0.0037801,           0.0037801
                 131,            0.011498,           0.0070531,          0.00071538,             0.93551,             0.95602,             0.98337,             0.94426,           0.0070487,           0.0045564,          0.00028275,           0.0037497,           0.0037497,           0.0037497
                 132,             0.01143,           0.0070117,          0.00068786,             0.93587,             0.95543,             0.98343,             0.94455,           0.0070388,           0.0045502,          0.00028136,           0.0037194,           0.0037194,           0.0037194
                 133,            0.011407,           0.0070459,          0.00069652,             0.93537,             0.95626,             0.98348,             0.94474,           0.0070252,           0.0045422,          0.00027981,           0.0036891,           0.0036891,           0.0036891
                 134,            0.011375,           0.0070087,           0.0006709,             0.93592,             0.95529,             0.98347,             0.94498,           0.0070163,           0.0045374,          0.00027877,           0.0036588,           0.0036588,           0.0036588
                 135,            0.011286,           0.0069654,          0.00064951,              0.9358,              0.9566,             0.98352,             0.94488,           0.0069966,           0.0045265,          0.00027724,           0.0036285,           0.0036285,           0.0036285
                 136,            0.011388,           0.0070094,           0.0006778,             0.93608,              0.9565,             0.98354,             0.94522,            0.006978,           0.0045167,          0.00027603,           0.0035982,           0.0035982,           0.0035982
                 137,            0.011174,           0.0069274,          0.00061612,             0.93591,             0.95656,             0.98356,             0.94576,           0.0069545,           0.0045071,          0.00027489,           0.0035679,           0.0035679,           0.0035679
                 138,            0.011203,           0.0069603,          0.00068017,             0.93629,             0.95643,              0.9836,             0.94612,           0.0069297,           0.0044989,          0.00027359,           0.0035376,           0.0035376,           0.0035376
                 139,            0.011216,           0.0069919,          0.00067176,             0.93638,             0.95658,             0.98359,             0.94645,           0.0069096,           0.0044899,          0.00027214,           0.0035073,           0.0035073,           0.0035073
                 140,            0.011199,           0.0069802,          0.00067515,              0.9364,             0.95676,             0.98363,             0.94689,           0.0068908,           0.0044765,          0.00027056,            0.003477,            0.003477,            0.003477
                 141,            0.011137,           0.0068924,          0.00061655,             0.93586,             0.95784,             0.98363,              0.9469,           0.0068769,           0.0044699,          0.00026955,           0.0034466,           0.0034466,           0.0034466
                 142,            0.010998,            0.006855,          0.00062552,             0.93644,             0.95742,             0.98366,             0.94732,           0.0068548,           0.0044622,          0.00026885,           0.0034163,           0.0034163,           0.0034163
                 143,             0.01102,           0.0068565,          0.00062754,             0.93618,             0.95759,             0.98367,              0.9476,           0.0068357,           0.0044595,           0.0002675,            0.003386,            0.003386,            0.003386
                 144,            0.011014,           0.0068275,          0.00065832,             0.93679,             0.95723,             0.98364,              0.9478,           0.0068155,           0.0044562,          0.00026623,           0.0033557,           0.0033557,           0.0033557
                 145,            0.010987,           0.0068441,          0.00065089,             0.93596,             0.95763,             0.98362,             0.94824,           0.0067922,           0.0044541,          0.00026522,           0.0033254,           0.0033254,           0.0033254
                 146,             0.01106,             0.00684,          0.00064879,             0.93584,              0.9578,             0.98361,             0.94877,           0.0067686,           0.0044482,          0.00026415,           0.0032951,           0.0032951,           0.0032951
                 147,            0.010856,           0.0068223,          0.00058423,             0.93628,             0.95756,             0.98364,             0.94907,           0.0067446,           0.0044353,          0.00026321,           0.0032648,           0.0032648,           0.0032648
                 148,            0.010842,           0.0067591,          0.00060452,             0.93449,             0.95904,             0.98366,             0.94926,           0.0067233,           0.0044277,          0.00026206,           0.0032345,           0.0032345,           0.0032345
                 149,            0.010907,           0.0067512,          0.00063421,             0.93581,             0.95801,             0.98363,             0.94975,           0.0067036,           0.0044187,           0.0002609,           0.0032042,           0.0032042,           0.0032042
                 150,            0.010887,           0.0068173,          0.00064819,             0.93909,             0.95542,             0.98364,             0.94977,           0.0066815,           0.0044069,          0.00025971,           0.0031739,           0.0031739,           0.0031739
                 151,            0.010787,           0.0067765,          0.00060359,             0.93853,             0.95568,             0.98364,             0.94994,           0.0066639,           0.0043981,          0.00025848,           0.0031435,           0.0031435,           0.0031435
                 152,            0.010763,           0.0067946,          0.00059426,             0.93855,             0.95536,             0.98366,             0.95043,            0.006643,           0.0043958,          0.00025729,           0.0031132,           0.0031132,           0.0031132
                 153,            0.010736,           0.0067564,          0.00063138,             0.93852,             0.95543,             0.98366,             0.95088,           0.0066158,           0.0043901,          0.00025592,           0.0030829,           0.0030829,           0.0030829
                 154,            0.010803,           0.0067524,          0.00059557,             0.93864,             0.95577,             0.98368,             0.95126,           0.0065896,           0.0043809,          0.00025522,           0.0030526,           0.0030526,           0.0030526
                 155,            0.010734,           0.0067749,          0.00058509,              0.9382,             0.95624,             0.98372,             0.95141,           0.0065735,           0.0043702,          0.00025417,           0.0030223,           0.0030223,           0.0030223
                 156,            0.010623,            0.006717,          0.00056133,             0.93788,             0.95664,             0.98374,             0.95165,           0.0065534,           0.0043629,          0.00025342,            0.002992,            0.002992,            0.002992
                 157,            0.010751,           0.0067631,          0.00061813,             0.93711,              0.9579,              0.9838,             0.95196,           0.0065371,           0.0043496,          0.00025221,           0.0029617,           0.0029617,           0.0029617
                 158,            0.010623,           0.0067515,          0.00058853,             0.93765,             0.95748,             0.98382,               0.952,           0.0065194,           0.0043435,          0.00025131,           0.0029314,           0.0029314,           0.0029314
                 159,            0.010625,           0.0066515,          0.00057688,             0.93805,             0.95706,             0.98386,             0.95267,           0.0064991,           0.0043321,          0.00025027,           0.0029011,           0.0029011,           0.0029011
                 160,            0.010482,           0.0065829,          0.00059133,             0.93777,             0.95691,              0.9839,              0.9531,            0.006479,           0.0043248,          0.00024926,           0.0028708,           0.0028708,           0.0028708
                 161,            0.010519,           0.0066003,          0.00061144,             0.93853,             0.95661,             0.98395,              0.9536,           0.0064499,           0.0043102,          0.00024805,           0.0028405,           0.0028405,           0.0028405
                 162,            0.010437,           0.0066028,           0.0005409,             0.93826,             0.95734,             0.98397,             0.95415,           0.0064303,           0.0043039,          0.00024663,           0.0028101,           0.0028101,           0.0028101
                 163,            0.010335,           0.0065703,          0.00055133,             0.93836,             0.95761,               0.984,             0.95445,           0.0064075,           0.0042948,           0.0002457,           0.0027798,           0.0027798,           0.0027798
                 164,            0.010334,           0.0066089,          0.00054902,             0.93924,              0.9566,             0.98401,             0.95479,           0.0063935,           0.0042852,          0.00024469,           0.0027495,           0.0027495,           0.0027495
                 165,            0.010471,           0.0065899,          0.00059085,             0.93995,             0.95573,             0.98402,             0.95495,           0.0063695,           0.0042784,          0.00024347,           0.0027192,           0.0027192,           0.0027192
                 166,            0.010272,           0.0064994,          0.00055746,              0.9398,             0.95648,             0.98403,             0.95498,           0.0063516,           0.0042736,          0.00024235,           0.0026889,           0.0026889,           0.0026889
                 167,             0.01028,           0.0065268,           0.0005247,             0.93912,             0.95706,             0.98408,             0.95568,           0.0063247,           0.0042602,          0.00024109,           0.0026586,           0.0026586,           0.0026586
                 168,            0.010328,            0.006604,          0.00053104,             0.94005,             0.95614,             0.98408,               0.956,           0.0063068,           0.0042547,          0.00023996,           0.0026283,           0.0026283,           0.0026283
                 169,            0.010289,           0.0065945,          0.00056016,                0.94,             0.95586,             0.98408,             0.95628,           0.0062914,           0.0042482,          0.00023888,            0.002598,            0.002598,            0.002598
                 170,            0.010308,           0.0065444,          0.00053601,             0.93923,             0.95773,             0.98407,             0.95625,            0.006277,           0.0042429,          0.00023765,           0.0025677,           0.0025677,           0.0025677
                 171,            0.010105,           0.0064946,          0.00050887,             0.93986,             0.95708,             0.98409,              0.9567,           0.0062533,           0.0042297,           0.0002368,           0.0025374,           0.0025374,           0.0025374
                 172,            0.010068,           0.0064428,          0.00050347,             0.93926,             0.95757,             0.98409,             0.95687,           0.0062454,           0.0042251,          0.00023569,            0.002507,            0.002507,            0.002507
                 173,            0.010083,           0.0064963,          0.00050632,             0.93871,              0.9586,             0.98411,             0.95702,           0.0062292,            0.004221,          0.00023475,           0.0024767,           0.0024767,           0.0024767
                 174,            0.010103,           0.0064893,          0.00054468,             0.93955,             0.95793,              0.9841,             0.95754,           0.0062143,           0.0042176,          0.00023354,           0.0024464,           0.0024464,           0.0024464
                 175,           0.0099535,           0.0064068,          0.00049712,             0.94035,             0.95793,             0.98415,             0.95799,           0.0061942,           0.0042049,          0.00023251,           0.0024161,           0.0024161,           0.0024161
                 176,           0.0099468,           0.0064341,           0.0005292,             0.93949,              0.9589,             0.98416,             0.95815,           0.0061691,           0.0041991,          0.00023171,           0.0023858,           0.0023858,           0.0023858
                 177,           0.0099716,           0.0064141,          0.00053426,             0.93923,             0.95933,             0.98422,             0.95855,           0.0061491,           0.0041886,          0.00023042,           0.0023555,           0.0023555,           0.0023555
                 178,            0.010002,           0.0064054,          0.00050374,             0.94096,             0.95759,             0.98421,              0.9587,           0.0061339,           0.0041844,          0.00022952,           0.0023252,           0.0023252,           0.0023252
                 179,           0.0098249,           0.0064233,          0.00049814,             0.94127,             0.95733,             0.98426,             0.95884,           0.0061183,            0.004175,          0.00022841,           0.0022949,           0.0022949,           0.0022949
                 180,           0.0098663,            0.006346,          0.00050178,             0.94018,              0.9589,              0.9843,             0.95936,           0.0060976,           0.0041739,          0.00022708,           0.0022646,           0.0022646,           0.0022646
                 181,           0.0097982,           0.0063835,          0.00049069,             0.94042,             0.95879,             0.98433,             0.95932,           0.0060845,           0.0041669,            0.000226,           0.0022343,           0.0022343,           0.0022343
                 182,           0.0098135,           0.0063999,          0.00049293,             0.94041,             0.95867,             0.98439,             0.95942,           0.0060749,           0.0041557,          0.00022513,           0.0022039,           0.0022039,           0.0022039
                 183,           0.0097009,           0.0062997,          0.00044671,             0.94117,             0.95839,             0.98442,             0.95984,           0.0060651,           0.0041518,          0.00022428,           0.0021736,           0.0021736,           0.0021736
                 184,           0.0097231,           0.0063255,          0.00048363,             0.94155,             0.95848,             0.98445,             0.96008,           0.0060506,           0.0041391,          0.00022313,           0.0021433,           0.0021433,           0.0021433
                 185,           0.0097144,           0.0062961,          0.00048774,             0.94239,             0.95801,             0.98448,             0.96017,           0.0060362,           0.0041287,          0.00022191,            0.002113,            0.002113,            0.002113
                 186,           0.0095893,           0.0062951,          0.00046701,             0.94229,             0.95898,             0.98449,             0.96032,           0.0060281,           0.0041252,          0.00022081,           0.0020827,           0.0020827,           0.0020827
                 187,           0.0095139,           0.0062326,          0.00045664,             0.94219,             0.95905,             0.98452,             0.96043,            0.006021,           0.0041129,          0.00021992,           0.0020524,           0.0020524,           0.0020524
                 188,           0.0095488,           0.0062151,          0.00043288,             0.94231,             0.95874,             0.98453,             0.96062,           0.0060087,           0.0041067,          0.00021921,           0.0020221,           0.0020221,           0.0020221
                 189,           0.0094825,           0.0062119,          0.00044014,             0.94312,             0.95844,             0.98462,             0.96089,            0.005993,           0.0040977,          0.00021831,           0.0019918,           0.0019918,           0.0019918
                 190,           0.0096263,           0.0062782,          0.00052699,             0.94375,             0.95776,             0.98464,             0.96121,           0.0059815,           0.0040882,          0.00021692,           0.0019615,           0.0019615,           0.0019615
                 191,            0.009483,           0.0062364,          0.00048814,             0.94392,             0.95795,             0.98466,             0.96139,           0.0059689,           0.0040792,           0.0002157,           0.0019312,           0.0019312,           0.0019312
                 192,           0.0093294,           0.0061763,          0.00041565,             0.94432,             0.95809,             0.98466,             0.96189,           0.0059581,           0.0040731,          0.00021476,           0.0019009,           0.0019009,           0.0019009
                 193,           0.0093588,           0.0061854,          0.00043775,             0.94487,             0.95766,             0.98468,             0.96203,           0.0059465,           0.0040646,          0.00021378,           0.0018705,           0.0018705,           0.0018705
                 194,           0.0093543,           0.0062011,          0.00045265,             0.94519,              0.9578,             0.98468,             0.96248,           0.0059345,           0.0040581,          0.00021231,           0.0018402,           0.0018402,           0.0018402
                 195,            0.009214,           0.0061019,          0.00043676,             0.94521,             0.95849,             0.98471,             0.96266,           0.0059195,            0.004049,           0.0002106,           0.0018099,           0.0018099,           0.0018099
                 196,           0.0092368,           0.0060472,          0.00042047,             0.94538,             0.95842,             0.98472,             0.96272,           0.0059105,            0.004043,          0.00020928,           0.0017796,           0.0017796,           0.0017796
                 197,           0.0091753,           0.0060818,          0.00039133,             0.94435,             0.95897,             0.98473,             0.96293,           0.0059026,           0.0040372,          0.00020822,           0.0017493,           0.0017493,           0.0017493
                 198,           0.0090388,           0.0060257,          0.00040147,              0.9449,             0.95911,             0.98476,             0.96329,           0.0058936,           0.0040335,          0.00020735,            0.001719,            0.001719,            0.001719
                 199,           0.0090698,           0.0060629,          0.00037359,             0.94545,             0.95846,             0.98477,              0.9632,           0.0058766,           0.0040251,          0.00020615,           0.0016887,           0.0016887,           0.0016887
                 200,           0.0090011,           0.0060236,          0.00040313,             0.94535,             0.95867,             0.98485,              0.9637,           0.0058555,           0.0040148,          0.00020522,           0.0016584,           0.0016584,           0.0016584
                 201,           0.0089927,           0.0060232,          0.00037577,             0.94576,             0.95821,             0.98485,             0.96404,           0.0058372,           0.0040148,          0.00020425,           0.0016281,           0.0016281,           0.0016281
                 202,           0.0090147,           0.0060365,          0.00041765,             0.94606,             0.95821,             0.98485,             0.96426,           0.0058293,           0.0040095,          0.00020328,           0.0015978,           0.0015978,           0.0015978
                 203,             0.00895,            0.005922,          0.00036159,             0.94553,             0.95862,             0.98489,             0.96435,           0.0058208,           0.0040031,            0.000202,           0.0015674,           0.0015674,           0.0015674
                 204,            0.008917,           0.0060106,          0.00041504,             0.94471,             0.95928,              0.9849,             0.96433,           0.0058195,           0.0039998,          0.00020093,           0.0015371,           0.0015371,           0.0015371
                 205,           0.0088406,            0.005828,           0.0003644,             0.94431,              0.9599,             0.98486,             0.96435,           0.0058162,           0.0040035,          0.00020001,           0.0015068,           0.0015068,           0.0015068
                 206,           0.0088845,           0.0059584,          0.00038835,             0.94382,             0.96059,             0.98487,             0.96463,           0.0058077,           0.0039997,          0.00019911,           0.0014765,           0.0014765,           0.0014765
                 207,           0.0087547,           0.0058927,          0.00034481,             0.94375,             0.96058,             0.98488,             0.96495,           0.0057886,           0.0039963,           0.0001979,           0.0014462,           0.0014462,           0.0014462
                 208,            0.008651,           0.0058653,          0.00035879,             0.94377,             0.96022,             0.98492,             0.96521,           0.0057739,           0.0039889,          0.00019647,           0.0014159,           0.0014159,           0.0014159
                 209,           0.0087468,            0.005909,          0.00038536,             0.94452,             0.95904,             0.98497,             0.96534,           0.0057702,            0.003982,          0.00019533,           0.0013856,           0.0013856,           0.0013856
                 210,           0.0086407,           0.0058186,          0.00036907,             0.94488,             0.95935,             0.98502,             0.96544,           0.0057632,           0.0039765,          0.00019408,           0.0013553,           0.0013553,           0.0013553
                 211,           0.0085266,            0.005787,           0.0003313,             0.94456,             0.95981,             0.98502,             0.96525,            0.005752,           0.0039714,          0.00019309,            0.001325,            0.001325,            0.001325
                 212,           0.0085478,           0.0057847,          0.00033126,             0.94463,             0.95972,             0.98501,             0.96537,           0.0057424,           0.0039686,          0.00019199,           0.0012947,           0.0012947,           0.0012947
                 213,           0.0085192,           0.0058014,          0.00034813,             0.94507,             0.95993,             0.98504,             0.96573,           0.0057338,           0.0039639,          0.00019086,           0.0012643,           0.0012643,           0.0012643
                 214,           0.0083812,            0.005746,          0.00032873,             0.94447,             0.96047,             0.98507,             0.96571,           0.0057375,           0.0039615,          0.00018974,            0.001234,            0.001234,            0.001234
                 215,             0.00833,           0.0056808,          0.00032032,             0.94451,             0.96098,             0.98512,              0.9658,            0.005737,           0.0039588,           0.0001887,           0.0012037,           0.0012037,           0.0012037
                 216,           0.0083756,           0.0057357,           0.0003295,             0.94392,             0.96104,             0.98516,             0.96567,           0.0057309,           0.0039525,          0.00018749,           0.0011734,           0.0011734,           0.0011734
                 217,            0.008257,           0.0056566,           0.0002837,              0.9441,             0.96094,              0.9852,             0.96576,           0.0057313,           0.0039481,          0.00018624,           0.0011431,           0.0011431,           0.0011431
                 218,           0.0082204,           0.0056874,          0.00029477,             0.94481,             0.96069,             0.98525,             0.96594,           0.0057298,           0.0039378,          0.00018521,           0.0011128,           0.0011128,           0.0011128
                 219,           0.0082388,           0.0056281,          0.00029993,              0.9448,             0.96089,             0.98525,             0.96576,           0.0057282,           0.0039336,          0.00018436,           0.0010825,           0.0010825,           0.0010825
                 220,           0.0081112,           0.0056133,          0.00028418,             0.94553,             0.96083,             0.98522,              0.9657,           0.0057209,           0.0039314,          0.00018333,           0.0010522,           0.0010522,           0.0010522
                 221,           0.0080376,           0.0055768,          0.00028082,             0.94625,             0.96041,             0.98526,             0.96563,           0.0057164,           0.0039259,           0.0001821,           0.0010219,           0.0010219,           0.0010219
                 222,           0.0079801,           0.0055236,          0.00029112,             0.94643,             0.96012,             0.98531,             0.96556,           0.0057208,           0.0039203,          0.00018085,          0.00099156,          0.00099156,          0.00099156
                 223,           0.0079074,           0.0054987,          0.00026943,             0.94683,             0.95989,             0.98531,             0.96573,            0.005716,           0.0039179,          0.00017956,          0.00096125,          0.00096125,          0.00096125
                 224,           0.0079186,           0.0054814,          0.00027982,             0.94724,             0.95924,             0.98532,             0.96576,           0.0057192,           0.0039153,          0.00017814,          0.00093094,          0.00093094,          0.00093094
                 225,           0.0078071,           0.0054786,          0.00025523,              0.9474,               0.959,             0.98536,             0.96582,           0.0057154,           0.0039127,          0.00017682,          0.00090063,          0.00090063,          0.00090063
                 226,           0.0077669,           0.0054976,          0.00023411,             0.94667,             0.95946,             0.98533,             0.96567,           0.0057159,           0.0039079,           0.0001754,          0.00087032,          0.00087032,          0.00087032
                 227,           0.0076904,           0.0054485,          0.00024559,             0.94661,             0.95943,             0.98535,             0.96572,           0.0057176,           0.0039015,          0.00017415,          0.00084001,          0.00084001,          0.00084001
                 228,           0.0076815,           0.0053735,          0.00023887,             0.94741,             0.95909,              0.9854,             0.96524,           0.0057267,           0.0039001,          0.00017269,           0.0008097,           0.0008097,           0.0008097
                 229,           0.0075827,           0.0053514,          0.00021879,             0.94654,             0.95939,             0.98539,             0.96527,            0.005727,           0.0038995,          0.00017142,          0.00077939,          0.00077939,          0.00077939
                 230,           0.0075504,           0.0053211,          0.00025243,             0.94695,             0.95934,             0.98539,             0.96509,           0.0057261,           0.0038975,          0.00017021,          0.00074908,          0.00074908,          0.00074908
                 231,           0.0075049,           0.0052873,          0.00022201,              0.9468,             0.95948,             0.98543,             0.96489,           0.0057387,           0.0038972,           0.0001687,          0.00071878,          0.00071878,          0.00071878
                 232,           0.0073896,           0.0052745,          0.00022614,             0.94733,             0.95929,             0.98541,             0.96462,           0.0057422,           0.0038953,           0.0001673,          0.00068847,          0.00068847,          0.00068847
                 233,           0.0073296,           0.0051715,          0.00022363,             0.94829,             0.95899,             0.98547,             0.96466,           0.0057457,           0.0038886,          0.00016571,          0.00065816,          0.00065816,          0.00065816
                 234,             0.00731,           0.0051595,          0.00020473,              0.9487,              0.9589,             0.98548,             0.96445,           0.0057564,           0.0038868,          0.00016411,          0.00062785,          0.00062785,          0.00062785
                 235,            0.007199,           0.0051761,           0.0001911,             0.94821,             0.95918,             0.98551,             0.96444,            0.005762,           0.0038854,          0.00016249,          0.00059754,          0.00059754,          0.00059754
                 236,           0.0072043,           0.0051647,          0.00020954,             0.94821,             0.95933,             0.98553,             0.96393,           0.0057815,           0.0038867,           0.0001606,          0.00056723,          0.00056723,          0.00056723
                 237,           0.0070758,           0.0050622,          0.00019104,             0.94844,             0.95907,             0.98552,             0.96378,            0.005789,           0.0038872,          0.00015882,          0.00053692,          0.00053692,          0.00053692
                 238,           0.0070499,            0.005047,          0.00018816,             0.94751,              0.9596,             0.98552,              0.9636,           0.0057954,           0.0038874,          0.00015672,          0.00050661,          0.00050661,          0.00050661
                 239,           0.0069493,           0.0050462,          0.00018086,             0.94624,             0.96022,              0.9855,             0.96325,           0.0058113,           0.0038901,          0.00015456,           0.0004763,           0.0004763,           0.0004763
                 240,           0.0069095,           0.0049806,          0.00017453,             0.94613,             0.96019,              0.9855,              0.9632,           0.0058206,           0.0038893,          0.00015242,          0.00044599,          0.00044599,          0.00044599
                 241,           0.0068008,           0.0049407,          0.00016072,             0.94632,                0.96,             0.98548,             0.96313,           0.0058208,           0.0038913,          0.00015033,          0.00041568,          0.00041568,          0.00041568
                 242,           0.0067395,           0.0049216,          0.00013397,             0.94683,             0.95997,              0.9855,             0.96322,           0.0058184,           0.0038884,          0.00014788,          0.00038537,          0.00038537,          0.00038537
                 243,            0.006661,           0.0048833,          0.00014652,             0.94709,             0.95976,             0.98548,             0.96261,           0.0058366,           0.0038929,          0.00014554,          0.00035506,          0.00035506,          0.00035506
                 244,           0.0065322,           0.0047988,          0.00013072,             0.94686,             0.95992,             0.98551,             0.96238,           0.0058405,           0.0038887,          0.00014298,          0.00032475,          0.00032475,          0.00032475
                 245,           0.0065259,           0.0048136,           0.0001381,             0.94672,             0.96005,             0.98549,             0.96251,           0.0058375,           0.0038858,          0.00014015,          0.00029444,          0.00029444,          0.00029444
                 246,           0.0064585,             0.00479,            0.000135,             0.94683,             0.96023,             0.98547,             0.96237,           0.0058555,           0.0038861,          0.00013723,          0.00026413,          0.00026413,          0.00026413
                 247,           0.0063971,           0.0047217,          0.00012688,              0.9468,             0.96043,             0.98546,              0.9628,            0.005841,           0.0038837,          0.00013432,          0.00023382,          0.00023382,          0.00023382
                 248,           0.0062833,           0.0046438,          0.00012058,             0.94741,             0.96021,             0.98549,             0.96275,           0.0058386,           0.0038843,          0.00013132,          0.00020351,          0.00020351,          0.00020351
                 249,           0.0062379,           0.0046358,          0.00013136,             0.94735,             0.96092,              0.9855,             0.96276,           0.0058475,           0.0038854,          0.00012828,           0.0001732,           0.0001732,           0.0001732
